player_id,position_id,potential_label,4322,4323,4324,4325,4326,4327,4328,4329,4330,4332,4333,4335,4338,4339,4340,4341,4342,4343,4344,4345,4348,4349,4350,4351,4352,4353,4354,4355,4356,4357,4407,4408,4423,4426,potential_label_encoded
1355710,7,average,50.5,50.5,34.0,50.5,45.0,45.0,45.0,45.0,50.5,56.0,39.5,34.0,39.5,39.5,45.0,45.0,50.5,28.5,23.0,39.5,28.5,28.5,45.0,50.5,56.0,34.0,39.5,50.5,34.0,34.0,56.0,34.0,34.0,56.0,0
1356362,9,average,67.0,67.0,67.0,67.0,67.0,67.0,67.0,67.0,67.0,67.0,67.0,67.0,67.0,67.0,67.0,67.0,67.0,67.0,56.0,67.0,67.0,56.0,67.0,67.0,67.0,67.0,78.0,67.0,67.0,67.0,67.0,67.0,56.0,78.0,0
1356375,3,average,67.0,67.0,67.0,67.0,67.0,67.0,67.0,78.0,67.0,67.0,78.0,56.0,67.0,67.0,67.0,67.0,67.0,56.0,56.0,67.0,67.0,56.0,56.0,67.0,67.0,67.0,78.0,67.0,67.0,67.0,67.0,67.0,56.0,78.0,0
1356375,4,average,67.0,78.0,67.0,67.0,67.0,78.0,78.0,78.0,56.0,67.0,67.0,67.0,78.0,78.0,56.0,67.0,67.0,45.0,45.0,56.0,67.0,67.0,67.0,67.0,78.0,67.0,67.0,67.0,56.0,67.0,56.0,67.0,45.0,56.0,0
1356411,9,average,67.0,67.0,78.0,78.0,67.0,67.0,67.0,67.0,89.0,78.0,67.0,67.0,67.0,56.0,56.0,67.0,78.0,56.0,56.0,67.0,56.0,67.0,56.0,67.0,67.0,56.0,67.0,67.0,56.0,67.0,89.0,56.0,67.0,78.0,0
1356411,10,average,67.0,67.0,67.0,67.0,67.0,67.0,67.0,78.0,67.0,67.0,67.0,67.0,67.0,67.0,67.0,67.0,67.0,67.0,67.0,67.0,67.0,56.0,67.0,67.0,67.0,67.0,78.0,67.0,67.0,67.0,78.0,67.0,56.0,78.0,0
1358222,2,average,56.0,56.0,34.0,56.0,45.0,56.0,56.0,45.0,45.0,45.0,45.0,34.0,45.0,45.0,34.0,34.0,56.0,23.0,23.0,23.0,34.0,23.0,34.0,56.0,56.0,45.0,34.0,56.0,34.0,45.0,34.0,56.0,34.0,45.0,0
1358274,9,highlighted,56.0,56.0,56.0,78.0,67.0,56.0,56.0,34.0,67.0,67.0,56.0,34.0,67.0,23.0,56.0,67.0,56.0,56.0,45.0,67.0,23.0,34.0,67.0,78.0,56.0,67.0,56.0,45.0,45.0,78.0,67.0,45.0,67.0,67.0,1
1359349,9,highlighted,78.0,67.0,78.0,78.0,78.0,78.0,67.0,78.0,67.0,67.0,78.0,67.0,78.0,67.0,78.0,78.0,78.0,67.0,56.0,78.0,67.0,78.0,67.0,78.0,67.0,78.0,78.0,67.0,67.0,67.0,78.0,67.0,67.0,78.0,1
1359355,2,average,78.0,78.0,67.0,67.0,67.0,67.0,67.0,78.0,67.0,67.0,78.0,67.0,78.0,67.0,67.0,67.0,78.0,56.0,56.0,67.0,78.0,56.0,67.0,67.0,67.0,78.0,78.0,78.0,67.0,67.0,67.0,78.0,67.0,78.0,0
1359357,2,average,78.0,67.0,67.0,67.0,67.0,67.0,67.0,78.0,67.0,67.0,78.0,67.0,78.0,67.0,67.0,67.0,78.0,56.0,56.0,67.0,67.0,56.0,67.0,67.0,67.0,67.0,78.0,78.0,67.0,67.0,67.0,67.0,67.0,78.0,0
1359389,6,highlighted,78.0,78.0,67.0,78.0,78.0,78.0,78.0,78.0,67.0,67.0,78.0,67.0,78.0,67.0,67.0,78.0,78.0,67.0,56.0,78.0,67.0,56.0,67.0,78.0,78.0,78.0,78.0,67.0,67.0,67.0,78.0,67.0,67.0,78.0,1
1359390,3,average,67.0,67.0,67.0,67.0,67.0,67.0,67.0,78.0,67.0,67.0,78.0,67.0,78.0,67.0,67.0,67.0,67.0,56.0,56.0,67.0,67.0,56.0,67.0,67.0,67.0,67.0,78.0,78.0,67.0,67.0,67.0,67.0,67.0,78.0,0
1359394,10,average,67.0,78.0,67.0,67.0,67.0,67.0,67.0,78.0,67.0,67.0,78.0,67.0,78.0,67.0,67.0,67.0,67.0,67.0,67.0,67.0,67.0,56.0,67.0,67.0,67.0,67.0,78.0,78.0,67.0,67.0,78.0,67.0,67.0,78.0,0
1359398,5,average,78.0,78.0,67.0,67.0,67.0,67.0,78.0,78.0,67.0,67.0,67.0,56.0,67.0,67.0,67.0,67.0,67.0,56.0,56.0,67.0,67.0,56.0,67.0,78.0,67.0,67.0,78.0,78.0,67.0,67.0,67.0,67.0,56.0,78.0,0
1359405,6,average,56.0,56.0,67.0,67.0,67.0,56.0,56.0,56.0,67.0,78.0,67.0,67.0,67.0,56.0,45.0,67.0,56.0,56.0,56.0,67.0,56.0,45.0,56.0,56.0,67.0,56.0,56.0,56.0,56.0,67.0,56.0,67.0,56.0,67.0,0
1360989,3,average,56.0,56.0,34.0,45.0,45.0,45.0,45.0,45.0,56.0,56.0,56.0,34.0,45.0,45.0,56.0,45.0,56.0,34.0,23.0,34.0,45.0,34.0,45.0,56.0,56.0,45.0,45.0,56.0,45.0,45.0,56.0,56.0,34.0,45.0,0
1361007,2,average,56.0,67.0,67.0,56.0,56.0,56.0,67.0,78.0,67.0,56.0,67.0,78.0,56.0,78.0,45.0,56.0,67.0,45.0,45.0,67.0,67.0,56.0,67.0,67.0,67.0,56.0,56.0,67.0,78.0,78.0,56.0,89.0,45.0,67.0,0
1361007,2,highlighted,78.0,78.0,67.0,78.0,67.0,67.0,67.0,78.0,67.0,67.0,78.0,67.0,67.0,78.0,67.0,67.0,67.0,56.0,56.0,67.0,78.0,56.0,67.0,67.0,67.0,78.0,78.0,78.0,67.0,67.0,67.0,78.0,67.0,78.0,1
1361061,2,average,56.0,56.0,56.0,50.5,45.0,56.0,56.0,56.0,50.5,56.0,61.5,50.5,45.0,61.5,39.5,34.0,50.5,28.5,28.5,39.5,50.5,39.5,56.0,56.0,56.0,50.5,50.5,56.0,56.0,50.5,45.0,61.5,34.0,45.0,0
1361061,2,highlighted,56.0,56.0,45.0,45.0,45.0,56.0,56.0,45.0,45.0,56.0,56.0,45.0,56.0,56.0,45.0,56.0,56.0,23.0,23.0,45.0,34.0,23.0,56.0,56.0,56.0,45.0,45.0,56.0,45.0,56.0,45.0,56.0,34.0,56.0,1
1361080,4,average,56.0,78.0,78.0,34.0,34.0,45.0,56.0,78.0,56.0,56.0,67.0,34.0,34.0,45.0,45.0,34.0,45.0,23.0,34.0,56.0,67.0,34.0,34.0,56.0,67.0,34.0,56.0,67.0,45.0,67.0,45.0,67.0,78.0,45.0,0
1361084,8,highlighted,56.0,67.0,56.0,78.0,67.0,56.0,45.0,67.0,56.0,45.0,67.0,56.0,67.0,34.0,56.0,56.0,67.0,56.0,45.0,56.0,23.0,67.0,45.0,56.0,78.0,67.0,56.0,56.0,67.0,67.0,67.0,45.0,56.0,45.0,1
1361085,6,average,56.0,34.0,56.0,67.0,78.0,45.0,56.0,45.0,45.0,56.0,56.0,34.0,67.0,45.0,34.0,56.0,67.0,45.0,34.0,45.0,23.0,45.0,34.0,56.0,45.0,34.0,45.0,34.0,34.0,45.0,56.0,45.0,34.0,45.0,0
1361221,2,highlighted,89.0,78.0,67.0,56.0,78.0,67.0,56.0,56.0,56.0,56.0,67.0,56.0,67.0,78.0,34.0,45.0,56.0,34.0,23.0,56.0,89.0,34.0,78.0,100.0,67.0,78.0,67.0,67.0,56.0,78.0,45.0,78.0,56.0,45.0,1
1361390,8,average,34.0,56.0,45.0,56.0,45.0,45.0,45.0,23.0,67.0,67.0,67.0,34.0,45.0,45.0,45.0,56.0,45.0,56.0,34.0,67.0,45.0,34.0,45.0,56.0,45.0,56.0,45.0,45.0,45.0,45.0,56.0,45.0,23.0,67.0,0
1361427,10,average,45.0,34.0,45.0,45.0,56.0,67.0,67.0,78.0,56.0,45.0,67.0,34.0,45.0,23.0,34.0,45.0,45.0,45.0,45.0,45.0,23.0,23.0,56.0,78.0,45.0,45.0,45.0,56.0,34.0,45.0,56.0,56.0,45.0,23.0,0
1361549,5,highlighted,78.0,78.0,67.0,78.0,78.0,67.0,78.0,78.0,67.0,67.0,78.0,56.0,78.0,78.0,78.0,78.0,78.0,67.0,56.0,78.0,67.0,56.0,67.0,78.0,67.0,67.0,78.0,78.0,67.0,67.0,78.0,67.0,67.0,78.0,1
1361549,6,average,78.0,78.0,67.0,67.0,78.0,67.0,78.0,78.0,67.0,67.0,67.0,56.0,78.0,67.0,67.0,67.0,78.0,67.0,56.0,67.0,67.0,56.0,67.0,67.0,67.0,67.0,78.0,78.0,67.0,67.0,67.0,67.0,67.0,78.0,0
1361552,6,average,56.0,45.0,45.0,45.0,45.0,45.0,45.0,23.0,45.0,45.0,56.0,23.0,34.0,45.0,34.0,45.0,45.0,34.0,34.0,34.0,45.0,23.0,45.0,45.0,45.0,45.0,45.0,45.0,45.0,45.0,45.0,45.0,23.0,45.0,0
1361626,10,average,56.0,56.0,34.0,45.0,39.5,45.0,45.0,45.0,45.0,56.0,56.0,45.0,45.0,39.5,34.0,45.0,39.5,34.0,39.5,34.0,34.0,39.5,45.0,56.0,56.0,45.0,45.0,50.5,50.5,45.0,56.0,28.5,34.0,50.5,0
1361626,10,highlighted,56.0,67.0,78.0,78.0,56.0,56.0,78.0,67.0,78.0,67.0,67.0,67.0,67.0,56.0,56.0,67.0,67.0,67.0,100.0,78.0,56.0,56.0,78.0,67.0,67.0,78.0,78.0,67.0,67.0,67.0,78.0,56.0,78.0,67.0,1
1361858,6,average,50.5,56.0,56.0,50.5,50.5,45.0,50.5,50.5,56.0,56.0,56.0,39.5,50.5,56.0,45.0,45.0,50.5,39.5,34.0,45.0,39.5,34.0,45.0,56.0,56.0,45.0,50.5,56.0,45.0,45.0,50.5,50.5,39.5,56.0,0
1362219,5,highlighted,78.0,78.0,67.0,78.0,78.0,78.0,78.0,78.0,67.0,78.0,78.0,67.0,78.0,67.0,78.0,67.0,78.0,56.0,56.0,78.0,78.0,67.0,67.0,78.0,78.0,78.0,78.0,67.0,67.0,67.0,67.0,78.0,67.0,78.0,1
1362220,5,average,56.0,45.0,45.0,56.0,56.0,56.0,56.0,45.0,56.0,56.0,56.0,34.0,45.0,56.0,45.0,56.0,56.0,34.0,23.0,34.0,34.0,34.0,56.0,45.0,45.0,34.0,45.0,45.0,34.0,45.0,56.0,56.0,34.0,45.0,0
1362220,5,highlighted,67.0,56.0,56.0,78.0,78.0,78.0,67.0,67.0,67.0,67.0,67.0,67.0,67.0,67.0,67.0,56.0,67.0,67.0,56.0,56.0,56.0,78.0,67.0,56.0,78.0,67.0,78.0,67.0,67.0,67.0,67.0,56.0,67.0,67.0,1
1362228,2,average,67.0,67.0,67.0,67.0,67.0,67.0,67.0,78.0,67.0,67.0,78.0,67.0,78.0,67.0,67.0,67.0,78.0,56.0,56.0,67.0,67.0,67.0,67.0,67.0,67.0,67.0,78.0,67.0,67.0,67.0,67.0,67.0,67.0,78.0,0
1362468,8,average,67.0,67.0,67.0,67.0,67.0,67.0,67.0,67.0,67.0,67.0,67.0,67.0,67.0,67.0,67.0,78.0,67.0,67.0,56.0,67.0,67.0,67.0,67.0,67.0,67.0,67.0,78.0,78.0,67.0,67.0,78.0,67.0,67.0,78.0,0
1362468,8,highlighted,67.0,56.0,78.0,67.0,67.0,56.0,56.0,67.0,78.0,78.0,67.0,67.0,67.0,56.0,56.0,78.0,67.0,67.0,78.0,67.0,45.0,45.0,56.0,67.0,67.0,56.0,67.0,67.0,67.0,67.0,78.0,67.0,67.0,78.0,1
1363266,9,average,67.0,67.0,67.0,67.0,67.0,67.0,67.0,78.0,67.0,67.0,67.0,56.0,72.5,67.0,67.0,67.0,72.5,67.0,56.0,67.0,61.5,61.5,67.0,67.0,67.0,67.0,78.0,67.0,67.0,67.0,67.0,61.5,67.0,78.0,0
1363271,10,average,67.0,67.0,67.0,67.0,67.0,67.0,67.0,78.0,67.0,67.0,67.0,67.0,78.0,67.0,67.0,67.0,67.0,67.0,56.0,67.0,67.0,56.0,67.0,67.0,67.0,67.0,78.0,67.0,67.0,67.0,78.0,67.0,67.0,78.0,0
1363422,4,average,78.0,78.0,67.0,67.0,67.0,78.0,78.0,78.0,67.0,67.0,78.0,67.0,78.0,67.0,67.0,67.0,78.0,56.0,56.0,67.0,67.0,56.0,67.0,67.0,67.0,67.0,78.0,67.0,67.0,67.0,67.0,67.0,67.0,78.0,0
1364500,3,average,67.0,67.0,67.0,56.0,67.0,56.0,67.0,67.0,67.0,67.0,78.0,45.0,56.0,67.0,56.0,56.0,56.0,45.0,45.0,56.0,56.0,45.0,56.0,67.0,67.0,67.0,78.0,56.0,45.0,56.0,45.0,78.0,56.0,67.0,0
1364697,2,average,67.0,78.0,67.0,67.0,61.5,78.0,78.0,67.0,67.0,72.5,72.5,67.0,67.0,72.5,61.5,61.5,72.5,45.0,45.0,61.5,67.0,50.5,67.0,61.5,61.5,67.0,72.5,67.0,67.0,67.0,61.5,78.0,56.0,72.5,0
1364943,9,highlighted,56.0,56.0,34.0,67.0,56.0,45.0,56.0,45.0,56.0,56.0,56.0,45.0,56.0,45.0,45.0,56.0,56.0,67.0,56.0,56.0,34.0,34.0,56.0,56.0,56.0,34.0,45.0,56.0,56.0,56.0,56.0,34.0,34.0,56.0,1
1364951,6,average,45.0,45.0,45.0,45.0,45.0,56.0,56.0,45.0,56.0,56.0,45.0,45.0,45.0,45.0,45.0,45.0,56.0,34.0,23.0,45.0,34.0,34.0,56.0,45.0,34.0,34.0,45.0,56.0,45.0,45.0,56.0,34.0,34.0,56.0,0
1364951,9,highlighted,50.5,56.0,45.0,61.5,67.0,56.0,50.5,45.0,56.0,56.0,45.0,34.0,56.0,39.5,50.5,56.0,61.5,45.0,45.0,50.5,39.5,39.5,61.5,56.0,61.5,56.0,56.0,56.0,39.5,39.5,61.5,39.5,45.0,56.0,1
1364969,7,average,45.0,67.0,67.0,56.0,45.0,56.0,56.0,56.0,78.0,67.0,56.0,45.0,45.0,45.0,56.0,67.0,56.0,45.0,45.0,67.0,45.0,56.0,56.0,56.0,56.0,56.0,56.0,56.0,56.0,56.0,67.0,56.0,56.0,78.0,0
1367185,3,highlighted,78.0,78.0,67.0,78.0,78.0,78.0,78.0,78.0,67.0,67.0,78.0,67.0,78.0,78.0,67.0,78.0,78.0,56.0,56.0,78.0,78.0,56.0,67.0,67.0,67.0,78.0,78.0,78.0,67.0,67.0,67.0,78.0,67.0,78.0,1
1367211,7,average,56.0,45.0,45.0,45.0,67.0,67.0,45.0,45.0,23.0,23.0,45.0,34.0,34.0,45.0,45.0,23.0,45.0,23.0,23.0,45.0,45.0,45.0,45.0,45.0,45.0,67.0,45.0,45.0,45.0,45.0,45.0,45.0,45.0,23.0,0
1367538,2,average,45.0,56.0,67.0,67.0,56.0,45.0,67.0,78.0,56.0,56.0,56.0,78.0,56.0,67.0,45.0,45.0,45.0,34.0,34.0,45.0,56.0,45.0,45.0,56.0,56.0,56.0,78.0,56.0,78.0,78.0,56.0,67.0,45.0,56.0,0
1367544,10,highlighted,67.0,67.0,56.0,78.0,67.0,56.0,56.0,67.0,67.0,67.0,67.0,78.0,67.0,56.0,67.0,78.0,67.0,78.0,78.0,67.0,45.0,45.0,56.0,67.0,67.0,67.0,67.0,67.0,78.0,67.0,78.0,45.0,56.0,67.0,1
1367560,6,average,67.0,67.0,78.0,67.0,67.0,56.0,78.0,56.0,67.0,67.0,78.0,45.0,56.0,67.0,56.0,56.0,56.0,45.0,45.0,56.0,67.0,45.0,56.0,67.0,56.0,56.0,78.0,67.0,56.0,67.0,56.0,78.0,56.0,67.0,0
1367566,8,highlighted,67.0,56.0,56.0,78.0,67.0,56.0,56.0,56.0,67.0,78.0,56.0,56.0,78.0,56.0,67.0,78.0,67.0,56.0,56.0,67.0,56.0,56.0,67.0,67.0,56.0,56.0,45.0,56.0,56.0,56.0,67.0,56.0,78.0,67.0,1
1367596,7,average,67.0,67.0,78.0,56.0,56.0,56.0,67.0,67.0,67.0,78.0,67.0,45.0,56.0,56.0,56.0,67.0,67.0,45.0,45.0,67.0,45.0,45.0,45.0,56.0,56.0,56.0,67.0,56.0,45.0,56.0,67.0,67.0,45.0,67.0,0
1367609,2,average,56.0,56.0,78.0,56.0,56.0,56.0,56.0,78.0,56.0,56.0,67.0,78.0,45.0,56.0,45.0,45.0,56.0,34.0,34.0,56.0,56.0,45.0,45.0,56.0,56.0,56.0,78.0,56.0,78.0,67.0,45.0,67.0,45.0,56.0,0
1367615,10,average,56.0,56.0,67.0,78.0,56.0,45.0,67.0,56.0,78.0,78.0,56.0,56.0,67.0,56.0,56.0,67.0,67.0,56.0,56.0,78.0,45.0,45.0,56.0,45.0,56.0,56.0,56.0,56.0,56.0,56.0,67.0,56.0,56.0,78.0,0
1367625,4,average,67.0,67.0,78.0,56.0,78.0,56.0,67.0,67.0,56.0,56.0,78.0,67.0,56.0,56.0,56.0,56.0,67.0,45.0,45.0,67.0,56.0,67.0,67.0,67.0,56.0,56.0,67.0,67.0,56.0,67.0,67.0,67.0,45.0,56.0,0
1367714,3,average,67.0,61.5,72.5,67.0,67.0,72.5,67.0,72.5,67.0,72.5,78.0,61.5,67.0,72.5,67.0,56.0,67.0,50.5,50.5,72.5,67.0,61.5,72.5,67.0,67.0,72.5,72.5,72.5,67.0,67.0,67.0,72.5,50.5,72.5,0
1367734,6,average,78.0,67.0,78.0,67.0,67.0,67.0,67.0,78.0,67.0,67.0,78.0,67.0,78.0,67.0,67.0,67.0,78.0,67.0,56.0,67.0,67.0,56.0,67.0,67.0,67.0,67.0,78.0,67.0,67.0,67.0,78.0,67.0,67.0,78.0,0
1367734,8,average,78.0,78.0,67.0,67.0,67.0,67.0,78.0,78.0,67.0,67.0,78.0,67.0,78.0,67.0,67.0,67.0,78.0,67.0,56.0,67.0,67.0,56.0,67.0,67.0,67.0,67.0,78.0,78.0,67.0,67.0,78.0,67.0,67.0,78.0,0
1367746,4,average,67.0,67.0,67.0,67.0,67.0,67.0,67.0,78.0,67.0,67.0,67.0,56.0,67.0,67.0,67.0,67.0,67.0,56.0,56.0,67.0,67.0,56.0,67.0,67.0,56.0,67.0,78.0,67.0,67.0,67.0,67.0,78.0,67.0,78.0,0
1367778,5,average,67.0,78.0,67.0,67.0,67.0,78.0,78.0,78.0,67.0,67.0,78.0,67.0,67.0,67.0,67.0,67.0,67.0,56.0,56.0,67.0,78.0,56.0,67.0,67.0,67.0,67.0,78.0,78.0,67.0,67.0,67.0,78.0,67.0,78.0,0
1367783,2,highlighted,78.0,78.0,67.0,78.0,78.0,78.0,78.0,78.0,67.0,67.0,78.0,67.0,78.0,78.0,67.0,67.0,78.0,56.0,56.0,67.0,78.0,56.0,67.0,78.0,67.0,78.0,78.0,78.0,67.0,67.0,67.0,78.0,67.0,78.0,1
1367783,3,average,67.0,67.0,67.0,67.0,67.0,67.0,67.0,78.0,67.0,67.0,67.0,67.0,67.0,67.0,67.0,67.0,67.0,56.0,56.0,67.0,67.0,56.0,67.0,67.0,67.0,67.0,78.0,78.0,67.0,67.0,67.0,67.0,67.0,78.0,0
1368187,7,average,67.0,56.0,45.0,45.0,34.0,45.0,45.0,45.0,56.0,56.0,45.0,45.0,45.0,45.0,34.0,56.0,45.0,56.0,34.0,34.0,34.0,23.0,45.0,45.0,56.0,45.0,45.0,56.0,56.0,45.0,56.0,34.0,34.0,56.0,0
1368237,2,average,56.0,56.0,56.0,45.0,45.0,45.0,45.0,45.0,56.0,56.0,45.0,56.0,45.0,56.0,45.0,45.0,45.0,23.0,23.0,23.0,34.0,23.0,45.0,45.0,56.0,34.0,45.0,56.0,56.0,45.0,34.0,56.0,34.0,45.0,0
1368259,6,highlighted,56.0,56.0,56.0,45.0,45.0,45.0,45.0,45.0,56.0,56.0,56.0,34.0,45.0,67.0,45.0,45.0,45.0,67.0,34.0,56.0,45.0,23.0,56.0,45.0,56.0,56.0,56.0,56.0,34.0,56.0,45.0,56.0,34.0,45.0,1
1368269,3,average,45.0,45.0,34.0,45.0,34.0,45.0,45.0,45.0,45.0,56.0,56.0,56.0,34.0,45.0,56.0,34.0,45.0,45.0,23.0,34.0,34.0,23.0,45.0,34.0,56.0,34.0,34.0,45.0,56.0,45.0,56.0,45.0,34.0,34.0,0
1368304,8,average,45.0,45.0,34.0,56.0,45.0,34.0,45.0,45.0,56.0,56.0,45.0,34.0,56.0,34.0,45.0,56.0,45.0,45.0,34.0,56.0,34.0,45.0,45.0,45.0,56.0,34.0,45.0,45.0,45.0,45.0,56.0,34.0,34.0,56.0,0
1368370,2,average,56.0,56.0,45.0,45.0,34.0,45.0,45.0,45.0,45.0,56.0,56.0,34.0,45.0,45.0,34.0,45.0,45.0,23.0,23.0,23.0,34.0,23.0,45.0,56.0,56.0,45.0,34.0,45.0,34.0,45.0,34.0,56.0,34.0,45.0,0
1368804,6,average,56.0,56.0,56.0,45.0,56.0,56.0,56.0,56.0,56.0,56.0,56.0,56.0,56.0,45.0,67.0,56.0,56.0,67.0,56.0,45.0,34.0,34.0,56.0,56.0,56.0,45.0,45.0,67.0,56.0,56.0,67.0,34.0,34.0,56.0,0
1369055,4,average,50.5,50.5,45.0,50.5,50.5,50.5,50.5,50.5,56.0,56.0,50.5,39.5,50.5,45.0,50.5,50.5,39.5,34.0,34.0,56.0,45.0,34.0,50.5,45.0,56.0,45.0,56.0,56.0,39.5,45.0,56.0,56.0,34.0,56.0,0
1369064,4,average,56.0,45.0,45.0,45.0,45.0,56.0,56.0,45.0,56.0,56.0,45.0,45.0,45.0,56.0,56.0,45.0,56.0,23.0,23.0,34.0,45.0,23.0,56.0,45.0,45.0,34.0,45.0,56.0,45.0,45.0,56.0,56.0,34.0,45.0,0
1369065,5,average,56.0,56.0,34.0,45.0,45.0,45.0,45.0,45.0,56.0,56.0,56.0,34.0,56.0,56.0,56.0,56.0,56.0,34.0,23.0,34.0,34.0,23.0,45.0,56.0,56.0,34.0,45.0,45.0,34.0,45.0,34.0,45.0,34.0,56.0,0
1369065,6,average,56.0,45.0,34.0,56.0,56.0,45.0,34.0,34.0,45.0,56.0,45.0,34.0,45.0,45.0,56.0,56.0,45.0,23.0,23.0,34.0,34.0,45.0,45.0,45.0,45.0,34.0,45.0,45.0,34.0,34.0,56.0,34.0,34.0,56.0,0
1369065,9,highlighted,67.0,67.0,67.0,89.0,89.0,67.0,78.0,34.0,56.0,56.0,56.0,45.0,67.0,56.0,67.0,67.0,89.0,67.0,78.0,78.0,56.0,67.0,78.0,67.0,78.0,78.0,78.0,78.0,45.0,56.0,67.0,56.0,56.0,56.0,1
1369066,3,average,56.0,56.0,56.0,56.0,45.0,56.0,56.0,45.0,45.0,56.0,56.0,34.0,45.0,56.0,34.0,45.0,45.0,23.0,23.0,34.0,34.0,23.0,56.0,56.0,56.0,45.0,34.0,45.0,34.0,45.0,34.0,56.0,34.0,56.0,0
1369067,7,average,56.0,56.0,56.0,56.0,45.0,56.0,56.0,67.0,67.0,67.0,67.0,45.0,45.0,45.0,67.0,67.0,56.0,45.0,45.0,67.0,45.0,45.0,45.0,56.0,45.0,45.0,56.0,56.0,45.0,67.0,56.0,56.0,45.0,67.0,0
1369101,3,average,45.0,56.0,56.0,45.0,45.0,34.0,56.0,56.0,56.0,56.0,56.0,45.0,45.0,56.0,56.0,45.0,45.0,34.0,34.0,67.0,56.0,45.0,45.0,45.0,45.0,45.0,56.0,56.0,56.0,56.0,56.0,56.0,45.0,56.0,0
1369191,8,average,78.0,78.0,67.0,67.0,67.0,67.0,67.0,78.0,67.0,67.0,78.0,56.0,67.0,67.0,67.0,67.0,78.0,67.0,56.0,67.0,67.0,56.0,67.0,67.0,67.0,67.0,78.0,78.0,67.0,67.0,78.0,67.0,67.0,78.0,0
1369198,4,average,78.0,78.0,67.0,67.0,67.0,78.0,78.0,78.0,67.0,67.0,78.0,67.0,67.0,78.0,67.0,67.0,67.0,56.0,56.0,67.0,78.0,56.0,67.0,67.0,67.0,78.0,78.0,78.0,67.0,67.0,67.0,78.0,67.0,78.0,0
1369345,6,highlighted,34.0,34.0,34.0,34.0,56.0,34.0,34.0,45.0,34.0,34.0,34.0,23.0,45.0,34.0,23.0,45.0,45.0,23.0,23.0,45.0,23.0,23.0,34.0,34.0,23.0,23.0,23.0,34.0,23.0,34.0,45.0,45.0,45.0,34.0,1
1369362,7,average,23.0,23.0,23.0,34.0,23.0,34.0,23.0,23.0,45.0,34.0,23.0,34.0,34.0,23.0,23.0,34.0,23.0,34.0,23.0,34.0,23.0,23.0,23.0,23.0,23.0,23.0,23.0,34.0,23.0,34.0,45.0,23.0,23.0,45.0,0
1369377,8,average,23.0,34.0,45.0,34.0,34.0,34.0,34.0,23.0,56.0,45.0,34.0,23.0,34.0,23.0,34.0,34.0,34.0,23.0,23.0,45.0,23.0,23.0,23.0,34.0,23.0,23.0,34.0,34.0,23.0,23.0,45.0,23.0,34.0,56.0,0
1369388,6,average,34.0,34.0,23.0,34.0,34.0,34.0,34.0,23.0,34.0,34.0,34.0,23.0,34.0,34.0,23.0,34.0,56.0,23.0,23.0,34.0,23.0,34.0,23.0,34.0,34.0,34.0,23.0,23.0,23.0,23.0,34.0,34.0,45.0,34.0,0
1369389,4,average,23.0,23.0,23.0,34.0,23.0,23.0,23.0,23.0,34.0,23.0,34.0,23.0,34.0,23.0,45.0,34.0,34.0,23.0,12.0,34.0,23.0,56.0,23.0,12.0,23.0,23.0,23.0,23.0,23.0,23.0,45.0,23.0,23.0,45.0,0
1369390,9,average,23.0,34.0,23.0,34.0,34.0,34.0,34.0,23.0,34.0,34.0,34.0,23.0,34.0,23.0,34.0,34.0,45.0,23.0,23.0,34.0,23.0,34.0,23.0,45.0,23.0,23.0,23.0,34.0,23.0,23.0,34.0,23.0,45.0,34.0,0
1369393,10,highlighted,34.0,34.0,34.0,34.0,34.0,23.0,34.0,34.0,34.0,45.0,45.0,34.0,34.0,23.0,23.0,34.0,34.0,45.0,56.0,34.0,12.0,12.0,34.0,34.0,34.0,45.0,23.0,34.0,34.0,34.0,45.0,23.0,23.0,34.0,1
1369397,2,average,23.0,34.0,34.0,23.0,23.0,34.0,34.0,34.0,23.0,34.0,23.0,34.0,34.0,34.0,23.0,34.0,45.0,23.0,12.0,23.0,45.0,23.0,34.0,23.0,34.0,23.0,34.0,34.0,34.0,34.0,12.0,45.0,34.0,23.0,0
1369525,2,average,67.0,78.0,67.0,67.0,67.0,67.0,67.0,78.0,67.0,67.0,78.0,67.0,67.0,67.0,67.0,67.0,67.0,56.0,56.0,67.0,67.0,56.0,67.0,67.0,67.0,67.0,78.0,78.0,67.0,67.0,67.0,67.0,67.0,78.0,0
1369525,2,highlighted,78.0,78.0,67.0,78.0,67.0,78.0,78.0,78.0,67.0,67.0,67.0,67.0,78.0,78.0,67.0,67.0,78.0,56.0,56.0,78.0,78.0,56.0,78.0,78.0,78.0,78.0,78.0,78.0,67.0,67.0,67.0,78.0,67.0,78.0,1
1369546,10,average,72.5,72.5,67.0,67.0,67.0,67.0,67.0,78.0,67.0,67.0,72.5,61.5,78.0,67.0,67.0,67.0,67.0,67.0,61.5,67.0,67.0,56.0,67.0,67.0,67.0,67.0,78.0,67.0,67.0,67.0,67.0,67.0,67.0,78.0,0
1369855,6,average,67.0,56.0,78.0,45.0,56.0,56.0,67.0,45.0,56.0,67.0,56.0,34.0,56.0,67.0,34.0,45.0,56.0,56.0,34.0,45.0,89.0,45.0,56.0,89.0,56.0,78.0,67.0,67.0,45.0,67.0,45.0,67.0,56.0,45.0,0
1370134,2,average,23.0,23.0,23.0,34.0,56.0,45.0,45.0,34.0,23.0,23.0,34.0,23.0,56.0,56.0,56.0,56.0,56.0,23.0,23.0,45.0,23.0,23.0,45.0,45.0,34.0,34.0,34.0,34.0,34.0,34.0,34.0,45.0,34.0,34.0,0
1370141,4,average,23.0,23.0,23.0,23.0,23.0,23.0,23.0,56.0,23.0,23.0,56.0,34.0,34.0,23.0,23.0,23.0,23.0,23.0,23.0,23.0,23.0,23.0,23.0,23.0,23.0,23.0,23.0,23.0,56.0,23.0,23.0,45.0,45.0,23.0,0
1370152,2,average,23.0,23.0,23.0,23.0,23.0,23.0,23.0,34.0,34.0,34.0,34.0,34.0,23.0,34.0,23.0,23.0,23.0,23.0,23.0,23.0,23.0,23.0,34.0,34.0,34.0,34.0,34.0,34.0,34.0,34.0,23.0,45.0,34.0,34.0,0
1370186,3,average,23.0,23.0,23.0,23.0,23.0,23.0,23.0,23.0,23.0,23.0,23.0,23.0,23.0,23.0,23.0,23.0,23.0,23.0,23.0,23.0,23.0,23.0,23.0,23.0,23.0,23.0,23.0,23.0,23.0,23.0,23.0,45.0,45.0,23.0,0
1370191,8,average,34.0,34.0,34.0,34.0,34.0,34.0,34.0,23.0,34.0,34.0,23.0,34.0,45.0,34.0,23.0,45.0,67.0,45.0,23.0,34.0,34.0,34.0,34.0,34.0,34.0,34.0,34.0,34.0,34.0,34.0,45.0,45.0,34.0,34.0,0
1370195,9,average,34.0,34.0,34.0,34.0,56.0,67.0,45.0,34.0,34.0,34.0,34.0,34.0,34.0,34.0,56.0,56.0,56.0,23.0,23.0,45.0,45.0,45.0,45.0,23.0,23.0,23.0,23.0,23.0,34.0,34.0,34.0,34.0,34.0,34.0,0
1370742,10,average,78.0,67.0,78.0,67.0,67.0,78.0,78.0,67.0,67.0,67.0,78.0,56.0,78.0,56.0,45.0,67.0,67.0,56.0,67.0,67.0,23.0,56.0,67.0,67.0,78.0,56.0,67.0,67.0,56.0,78.0,100.0,34.0,56.0,67.0,0
1370839,7,highlighted,56.0,45.0,56.0,67.0,78.0,67.0,89.0,56.0,67.0,45.0,56.0,34.0,67.0,34.0,56.0,56.0,67.0,78.0,67.0,67.0,23.0,45.0,67.0,67.0,45.0,45.0,56.0,56.0,34.0,45.0,78.0,56.0,78.0,56.0,1
1370872,3,average,34.0,23.0,23.0,34.0,34.0,23.0,34.0,34.0,34.0,34.0,34.0,12.0,34.0,34.0,23.0,34.0,34.0,12.0,12.0,34.0,23.0,12.0,12.0,34.0,12.0,12.0,12.0,12.0,34.0,45.0,1.0,34.0,23.0,34.0,0
1370884,2,average,67.0,34.0,45.0,34.0,34.0,23.0,45.0,78.0,34.0,45.0,67.0,56.0,45.0,56.0,23.0,23.0,67.0,34.0,12.0,45.0,56.0,45.0,34.0,56.0,23.0,34.0,23.0,56.0,56.0,67.0,23.0,67.0,45.0,45.0,0
1370976,8,average,48.666666666666664,56.0,41.333333333333336,48.666666666666664,45.0,48.666666666666664,45.0,48.666666666666664,56.0,59.666666666666664,52.333333333333336,37.666666666666664,45.0,41.333333333333336,56.0,52.333333333333336,52.333333333333336,41.333333333333336,48.666666666666664,52.333333333333336,37.666666666666664,37.666666666666664,48.666666666666664,52.333333333333336,56.0,37.666666666666664,45.0,45.0,45.0,45.0,56.0,37.666666666666664,34.0,59.666666666666664,0
1370994,8,average,67.0,67.0,67.0,67.0,67.0,67.0,67.0,78.0,67.0,67.0,78.0,56.0,78.0,67.0,67.0,67.0,78.0,67.0,56.0,67.0,67.0,56.0,67.0,67.0,67.0,67.0,78.0,67.0,67.0,67.0,78.0,67.0,67.0,78.0,0
1371144,3,highlighted,78.0,78.0,78.0,78.0,78.0,78.0,78.0,78.0,67.0,78.0,78.0,78.0,78.0,78.0,78.0,78.0,78.0,67.0,56.0,78.0,78.0,78.0,78.0,78.0,78.0,78.0,78.0,89.0,67.0,78.0,78.0,78.0,67.0,78.0,1
1371149,4,average,67.0,78.0,67.0,67.0,67.0,67.0,67.0,78.0,67.0,67.0,78.0,67.0,67.0,78.0,67.0,67.0,67.0,56.0,56.0,67.0,78.0,56.0,67.0,67.0,67.0,67.0,78.0,78.0,67.0,67.0,67.0,78.0,67.0,78.0,0
1371149,4,highlighted,56.0,78.0,78.0,67.0,67.0,67.0,78.0,67.0,78.0,78.0,67.0,45.0,56.0,67.0,67.0,67.0,67.0,45.0,45.0,78.0,56.0,45.0,67.0,78.0,67.0,67.0,78.0,67.0,56.0,67.0,78.0,78.0,56.0,67.0,1
1371152,6,average,67.0,67.0,56.0,67.0,67.0,56.0,56.0,56.0,67.0,67.0,56.0,45.0,67.0,45.0,56.0,67.0,78.0,45.0,45.0,67.0,45.0,45.0,67.0,78.0,45.0,78.0,67.0,56.0,45.0,56.0,67.0,56.0,56.0,67.0,0
1371159,5,average,78.0,78.0,72.5,72.5,78.0,67.0,67.0,67.0,61.5,67.0,67.0,50.5,67.0,72.5,61.5,72.5,72.5,56.0,50.5,61.5,72.5,56.0,67.0,72.5,61.5,67.0,72.5,67.0,56.0,72.5,67.0,72.5,61.5,72.5,0
1371160,6,highlighted,67.0,67.0,78.0,67.0,78.0,67.0,67.0,67.0,67.0,78.0,67.0,45.0,78.0,56.0,56.0,67.0,78.0,56.0,56.0,67.0,56.0,56.0,56.0,67.0,56.0,67.0,78.0,67.0,56.0,67.0,78.0,78.0,56.0,67.0,1
1371160,9,average,67.0,67.0,67.0,67.0,67.0,67.0,67.0,67.0,67.0,67.0,67.0,67.0,67.0,67.0,67.0,67.0,67.0,67.0,56.0,67.0,67.0,56.0,67.0,67.0,67.0,67.0,67.0,56.0,67.0,67.0,67.0,56.0,67.0,78.0,0
1371171,2,average,72.5,72.5,78.0,61.5,67.0,61.5,72.5,72.5,61.5,56.0,72.5,67.0,61.5,72.5,56.0,56.0,67.0,50.5,50.5,56.0,67.0,45.0,56.0,61.5,56.0,61.5,72.5,67.0,72.5,67.0,61.5,78.0,61.5,67.0,0
1371178,3,average,56.0,67.0,67.0,56.0,67.0,67.0,67.0,67.0,78.0,67.0,67.0,56.0,67.0,67.0,45.0,45.0,56.0,45.0,45.0,67.0,56.0,45.0,56.0,56.0,56.0,67.0,67.0,56.0,56.0,56.0,67.0,67.0,45.0,67.0,0
1371190,7,average,67.0,67.0,78.0,67.0,56.0,56.0,78.0,67.0,78.0,78.0,56.0,45.0,56.0,45.0,45.0,67.0,56.0,56.0,56.0,78.0,45.0,45.0,45.0,56.0,45.0,45.0,67.0,67.0,45.0,56.0,78.0,67.0,56.0,78.0,0
1372336,10,highlighted,45.0,45.0,45.0,45.0,45.0,45.0,45.0,78.0,34.0,34.0,45.0,78.0,45.0,34.0,34.0,34.0,45.0,34.0,34.0,34.0,34.0,23.0,45.0,56.0,45.0,45.0,45.0,56.0,45.0,45.0,67.0,45.0,34.0,45.0,1
1372346,5,average,45.0,45.0,56.0,34.0,45.0,45.0,45.0,67.0,34.0,45.0,56.0,56.0,34.0,56.0,34.0,34.0,34.0,34.0,23.0,34.0,56.0,23.0,45.0,56.0,45.0,45.0,56.0,56.0,45.0,45.0,45.0,56.0,34.0,34.0,0
1372359,4,average,56.0,45.0,45.0,45.0,45.0,45.0,45.0,45.0,56.0,45.0,56.0,45.0,45.0,45.0,45.0,45.0,45.0,34.0,34.0,45.0,56.0,45.0,45.0,45.0,56.0,56.0,45.0,45.0,45.0,45.0,34.0,56.0,23.0,56.0,0
1372384,7,average,45.0,45.0,45.0,45.0,45.0,45.0,45.0,23.0,67.0,45.0,45.0,23.0,45.0,34.0,45.0,56.0,45.0,34.0,34.0,56.0,34.0,45.0,45.0,45.0,45.0,45.0,45.0,45.0,45.0,45.0,56.0,34.0,23.0,67.0,0
1372393,7,average,56.0,45.0,45.0,45.0,45.0,45.0,45.0,45.0,45.0,34.0,45.0,34.0,56.0,23.0,34.0,45.0,34.0,45.0,67.0,45.0,23.0,34.0,45.0,45.0,56.0,45.0,45.0,45.0,45.0,45.0,56.0,34.0,45.0,45.0,0
1372427,3,average,45.0,56.0,45.0,45.0,45.0,45.0,45.0,23.0,56.0,56.0,56.0,23.0,34.0,45.0,45.0,45.0,45.0,23.0,23.0,56.0,56.0,23.0,45.0,56.0,45.0,45.0,45.0,56.0,45.0,45.0,56.0,56.0,23.0,56.0,0
1372639,4,average,67.0,67.0,78.0,67.0,67.0,67.0,67.0,78.0,67.0,67.0,78.0,67.0,67.0,67.0,67.0,67.0,67.0,56.0,56.0,67.0,67.0,56.0,67.0,67.0,67.0,78.0,78.0,78.0,67.0,67.0,67.0,67.0,67.0,78.0,0
1372639,6,highlighted,78.0,78.0,67.0,78.0,78.0,78.0,78.0,78.0,67.0,67.0,78.0,67.0,78.0,67.0,78.0,78.0,78.0,67.0,56.0,78.0,67.0,67.0,67.0,67.0,67.0,67.0,78.0,78.0,67.0,67.0,78.0,67.0,67.0,78.0,1
1372656,5,average,67.0,67.0,78.0,67.0,67.0,67.0,67.0,78.0,67.0,67.0,78.0,67.0,78.0,67.0,67.0,67.0,78.0,67.0,56.0,67.0,67.0,56.0,67.0,78.0,67.0,67.0,78.0,67.0,67.0,67.0,67.0,67.0,67.0,78.0,0
1372660,7,average,67.0,67.0,67.0,67.0,67.0,67.0,67.0,78.0,67.0,67.0,67.0,56.0,67.0,67.0,67.0,67.0,67.0,67.0,56.0,67.0,67.0,56.0,67.0,67.0,67.0,67.0,78.0,67.0,67.0,67.0,67.0,67.0,67.0,78.0,0
1372662,4,average,67.0,78.0,67.0,67.0,67.0,67.0,67.0,78.0,67.0,67.0,78.0,67.0,67.0,67.0,67.0,67.0,67.0,56.0,56.0,67.0,67.0,56.0,67.0,67.0,67.0,67.0,78.0,67.0,67.0,67.0,67.0,67.0,67.0,78.0,0
1372666,9,average,67.0,67.0,67.0,67.0,67.0,67.0,67.0,78.0,67.0,67.0,67.0,56.0,67.0,67.0,67.0,67.0,67.0,67.0,56.0,67.0,67.0,56.0,67.0,67.0,67.0,67.0,78.0,67.0,67.0,67.0,67.0,67.0,56.0,78.0,0
1372670,6,average,67.0,67.0,67.0,67.0,67.0,67.0,67.0,78.0,67.0,78.0,78.0,67.0,78.0,67.0,78.0,67.0,67.0,67.0,56.0,67.0,67.0,67.0,67.0,67.0,67.0,67.0,78.0,67.0,67.0,67.0,67.0,67.0,56.0,78.0,0
1372673,8,average,67.0,72.5,67.0,67.0,67.0,67.0,67.0,78.0,67.0,67.0,72.5,56.0,67.0,67.0,67.0,67.0,67.0,72.5,56.0,67.0,67.0,56.0,67.0,67.0,67.0,67.0,78.0,67.0,67.0,67.0,72.5,67.0,67.0,78.0,0
1372675,3,average,72.5,67.0,72.5,67.0,67.0,67.0,67.0,78.0,67.0,72.5,78.0,61.5,72.5,67.0,67.0,67.0,67.0,61.5,56.0,67.0,67.0,56.0,67.0,67.0,67.0,67.0,78.0,72.5,67.0,67.0,67.0,67.0,61.5,78.0,0
1372676,2,average,67.0,67.0,78.0,67.0,67.0,67.0,67.0,78.0,67.0,67.0,78.0,67.0,67.0,67.0,67.0,67.0,67.0,56.0,56.0,67.0,67.0,56.0,67.0,67.0,67.0,67.0,78.0,67.0,67.0,67.0,67.0,67.0,67.0,78.0,0
1372695,9,average,67.0,67.0,67.0,67.0,67.0,67.0,67.0,67.0,67.0,67.0,67.0,67.0,67.0,67.0,67.0,67.0,67.0,67.0,56.0,67.0,67.0,56.0,67.0,67.0,67.0,67.0,78.0,67.0,67.0,67.0,67.0,67.0,56.0,78.0,0
1372696,2,average,67.0,67.0,72.5,67.0,67.0,67.0,67.0,78.0,67.0,67.0,78.0,67.0,72.5,67.0,67.0,67.0,72.5,56.0,56.0,67.0,67.0,56.0,67.0,67.0,67.0,67.0,78.0,72.5,67.0,67.0,67.0,72.5,67.0,78.0,0
1372700,7,average,67.0,67.0,67.0,67.0,67.0,67.0,67.0,78.0,67.0,67.0,78.0,56.0,67.0,67.0,67.0,67.0,67.0,67.0,56.0,67.0,67.0,56.0,67.0,67.0,67.0,67.0,78.0,67.0,67.0,67.0,78.0,67.0,56.0,78.0,0
1373419,10,average,45.0,56.0,56.0,67.0,67.0,45.0,56.0,56.0,78.0,67.0,56.0,56.0,56.0,56.0,56.0,67.0,67.0,56.0,56.0,67.0,45.0,45.0,56.0,56.0,56.0,45.0,67.0,56.0,56.0,67.0,67.0,67.0,56.0,78.0,0
1376343,2,average,45.0,45.0,45.0,45.0,45.0,45.0,45.0,67.0,23.0,34.0,34.0,67.0,34.0,45.0,23.0,23.0,34.0,23.0,23.0,34.0,45.0,23.0,45.0,45.0,45.0,45.0,45.0,45.0,34.0,34.0,23.0,56.0,23.0,34.0,0
1377237,6,highlighted,56.0,56.0,67.0,45.0,34.0,34.0,45.0,45.0,56.0,56.0,56.0,34.0,45.0,67.0,56.0,45.0,45.0,45.0,34.0,34.0,56.0,45.0,45.0,56.0,45.0,45.0,45.0,56.0,34.0,56.0,45.0,56.0,34.0,45.0,1
1377238,7,highlighted,45.0,45.0,34.0,56.0,45.0,34.0,34.0,34.0,56.0,56.0,34.0,34.0,34.0,34.0,45.0,67.0,45.0,56.0,67.0,67.0,34.0,45.0,56.0,45.0,56.0,34.0,45.0,56.0,34.0,34.0,56.0,34.0,34.0,56.0,1
1377244,3,average,56.0,45.0,34.0,45.0,34.0,45.0,45.0,34.0,45.0,56.0,45.0,34.0,45.0,45.0,45.0,45.0,45.0,23.0,23.0,56.0,34.0,23.0,34.0,56.0,45.0,34.0,45.0,56.0,34.0,45.0,56.0,45.0,34.0,56.0,0
1377253,2,average,45.0,45.0,34.0,45.0,45.0,45.0,45.0,45.0,45.0,45.0,56.0,34.0,45.0,56.0,56.0,45.0,34.0,23.0,23.0,45.0,34.0,23.0,45.0,45.0,45.0,45.0,45.0,56.0,34.0,45.0,45.0,56.0,34.0,45.0,0
1377254,4,average,56.0,56.0,45.0,45.0,45.0,56.0,45.0,45.0,56.0,56.0,56.0,34.0,34.0,34.0,56.0,45.0,56.0,23.0,23.0,56.0,34.0,23.0,34.0,45.0,45.0,34.0,56.0,56.0,34.0,45.0,56.0,45.0,34.0,56.0,0
1377267,2,highlighted,67.0,56.0,45.0,67.0,56.0,56.0,56.0,45.0,45.0,45.0,56.0,56.0,56.0,56.0,56.0,56.0,67.0,23.0,23.0,34.0,56.0,23.0,56.0,67.0,56.0,56.0,34.0,45.0,56.0,56.0,34.0,56.0,45.0,45.0,1
1377276,8,average,56.0,45.0,34.0,34.0,45.0,34.0,45.0,34.0,56.0,56.0,34.0,34.0,45.0,34.0,56.0,56.0,56.0,45.0,34.0,45.0,34.0,45.0,45.0,45.0,45.0,34.0,45.0,45.0,45.0,34.0,56.0,23.0,34.0,56.0,0
1377286,10,average,45.0,45.0,34.0,34.0,34.0,34.0,34.0,56.0,45.0,45.0,45.0,34.0,34.0,34.0,34.0,34.0,34.0,23.0,23.0,23.0,34.0,23.0,34.0,34.0,45.0,34.0,34.0,45.0,34.0,34.0,45.0,23.0,34.0,45.0,0
1377310,5,average,56.0,45.0,34.0,45.0,56.0,45.0,45.0,45.0,45.0,56.0,56.0,34.0,45.0,56.0,56.0,56.0,56.0,23.0,23.0,45.0,34.0,23.0,34.0,45.0,56.0,45.0,34.0,45.0,34.0,45.0,56.0,45.0,34.0,45.0,0
1377312,4,average,56.0,56.0,34.0,45.0,45.0,45.0,45.0,45.0,45.0,56.0,45.0,45.0,45.0,45.0,56.0,45.0,56.0,34.0,23.0,45.0,34.0,45.0,45.0,34.0,56.0,34.0,45.0,56.0,45.0,45.0,67.0,45.0,34.0,45.0,0
1377325,9,average,45.0,45.0,45.0,56.0,56.0,45.0,45.0,45.0,56.0,56.0,56.0,34.0,56.0,45.0,56.0,56.0,45.0,45.0,34.0,45.0,34.0,23.0,45.0,56.0,56.0,45.0,45.0,45.0,45.0,45.0,45.0,34.0,34.0,56.0,0
1377333,10,highlighted,56.0,45.0,34.0,45.0,56.0,45.0,45.0,56.0,56.0,56.0,56.0,34.0,45.0,34.0,34.0,56.0,45.0,67.0,67.0,45.0,34.0,23.0,56.0,56.0,56.0,45.0,45.0,45.0,45.0,56.0,56.0,34.0,34.0,56.0,1
1378444,2,average,67.0,61.5,61.5,61.5,67.0,67.0,72.5,78.0,61.5,61.5,72.5,67.0,67.0,67.0,56.0,56.0,67.0,50.5,50.5,56.0,67.0,56.0,67.0,67.0,67.0,61.5,67.0,67.0,72.5,72.5,61.5,78.0,56.0,61.5,0
1380175,7,average,67.0,67.0,67.0,67.0,67.0,67.0,67.0,78.0,67.0,67.0,67.0,56.0,67.0,67.0,67.0,67.0,67.0,56.0,56.0,67.0,67.0,56.0,67.0,67.0,67.0,67.0,78.0,67.0,67.0,67.0,67.0,67.0,56.0,67.0,0
1380348,7,average,67.0,78.0,78.0,67.0,67.0,67.0,67.0,78.0,67.0,67.0,67.0,56.0,67.0,67.0,67.0,67.0,67.0,56.0,56.0,67.0,67.0,56.0,67.0,67.0,67.0,67.0,78.0,78.0,67.0,67.0,67.0,67.0,67.0,78.0,0
1400463,10,average,67.0,67.0,67.0,67.0,67.0,67.0,67.0,78.0,67.0,67.0,78.0,67.0,67.0,67.0,67.0,67.0,67.0,67.0,56.0,67.0,67.0,56.0,67.0,67.0,67.0,67.0,78.0,67.0,67.0,67.0,67.0,67.0,67.0,78.0,0
1414202,10,average,45.0,56.0,45.0,56.0,45.0,45.0,45.0,34.0,45.0,45.0,45.0,34.0,45.0,34.0,45.0,56.0,56.0,45.0,34.0,45.0,34.0,45.0,45.0,45.0,45.0,45.0,45.0,45.0,45.0,45.0,56.0,34.0,34.0,45.0,0
1438737,7,average,67.0,67.0,67.0,67.0,67.0,67.0,67.0,78.0,67.0,67.0,67.0,56.0,67.0,67.0,67.0,67.0,67.0,56.0,56.0,67.0,67.0,56.0,67.0,67.0,67.0,67.0,78.0,67.0,67.0,67.0,67.0,67.0,56.0,78.0,0
1450931,8,average,45.0,45.0,56.0,45.0,45.0,45.0,45.0,23.0,45.0,45.0,23.0,23.0,45.0,45.0,45.0,56.0,45.0,23.0,23.0,45.0,45.0,45.0,45.0,45.0,45.0,45.0,45.0,45.0,34.0,45.0,45.0,56.0,45.0,45.0,0
1465837,6,average,34.0,34.0,34.0,34.0,34.0,34.0,34.0,34.0,34.0,34.0,23.0,34.0,45.0,56.0,56.0,56.0,56.0,23.0,23.0,45.0,34.0,34.0,34.0,34.0,34.0,34.0,34.0,34.0,34.0,23.0,34.0,34.0,45.0,34.0,0
1498208,2,average,56.0,56.0,45.0,45.0,45.0,45.0,45.0,56.0,23.0,34.0,45.0,67.0,34.0,56.0,23.0,34.0,34.0,23.0,23.0,34.0,56.0,23.0,45.0,45.0,56.0,45.0,45.0,45.0,45.0,45.0,34.0,56.0,23.0,23.0,0
1501964,5,average,56.0,56.0,56.0,56.0,56.0,56.0,56.0,23.0,56.0,56.0,23.0,34.0,56.0,56.0,56.0,56.0,56.0,23.0,23.0,56.0,56.0,56.0,56.0,56.0,56.0,56.0,56.0,45.0,56.0,56.0,34.0,56.0,56.0,56.0,0
1586351,2,average,45.0,56.0,56.0,45.0,45.0,56.0,56.0,45.0,56.0,56.0,56.0,45.0,34.0,45.0,45.0,34.0,56.0,23.0,23.0,34.0,45.0,34.0,56.0,56.0,56.0,45.0,45.0,56.0,45.0,56.0,34.0,56.0,45.0,56.0,0
1586351,2,highlighted,56.0,56.0,56.0,67.0,67.0,56.0,56.0,45.0,56.0,56.0,56.0,56.0,56.0,56.0,56.0,56.0,67.0,45.0,45.0,56.0,56.0,56.0,56.0,56.0,67.0,67.0,67.0,56.0,56.0,45.0,56.0,56.0,56.0,56.0,1
1598367,10,average,56.0,45.0,45.0,45.0,34.0,45.0,45.0,45.0,45.0,45.0,45.0,45.0,34.0,34.0,34.0,34.0,45.0,34.0,34.0,34.0,34.0,23.0,45.0,34.0,45.0,34.0,34.0,45.0,45.0,45.0,56.0,34.0,34.0,45.0,0
1599652,6,average,56.0,45.0,34.0,34.0,34.0,34.0,45.0,34.0,45.0,56.0,45.0,34.0,45.0,45.0,45.0,34.0,45.0,23.0,23.0,34.0,23.0,23.0,45.0,56.0,56.0,45.0,45.0,45.0,34.0,34.0,56.0,45.0,34.0,45.0,0
1614690,7,average,67.0,67.0,67.0,78.0,67.0,67.0,67.0,67.0,67.0,67.0,67.0,67.0,78.0,67.0,67.0,67.0,78.0,67.0,56.0,67.0,67.0,67.0,67.0,67.0,67.0,67.0,67.0,67.0,67.0,67.0,78.0,67.0,67.0,78.0,0
1614690,7,highlighted,78.0,56.0,67.0,89.0,78.0,67.0,67.0,67.0,67.0,89.0,67.0,56.0,78.0,56.0,56.0,89.0,78.0,56.0,56.0,78.0,56.0,67.0,67.0,67.0,67.0,67.0,56.0,67.0,56.0,56.0,67.0,56.0,67.0,78.0,1
1716958,2,average,45.0,45.0,34.0,45.0,34.0,45.0,45.0,45.0,34.0,45.0,45.0,34.0,45.0,45.0,34.0,34.0,45.0,12.0,12.0,23.0,34.0,23.0,45.0,45.0,45.0,34.0,34.0,45.0,34.0,45.0,23.0,45.0,23.0,34.0,0
1716959,2,average,45.0,45.0,34.0,34.0,34.0,45.0,45.0,45.0,34.0,34.0,45.0,23.0,34.0,45.0,45.0,45.0,45.0,23.0,23.0,34.0,34.0,23.0,45.0,34.0,45.0,34.0,34.0,45.0,23.0,45.0,23.0,45.0,23.0,34.0,0
1716960,4,average,45.0,45.0,34.0,45.0,45.0,45.0,45.0,34.0,34.0,34.0,45.0,23.0,34.0,45.0,45.0,34.0,45.0,12.0,12.0,34.0,23.0,23.0,45.0,45.0,45.0,45.0,34.0,45.0,23.0,34.0,34.0,45.0,23.0,34.0,0
1716961,3,average,45.0,45.0,45.0,34.0,34.0,34.0,34.0,45.0,34.0,34.0,45.0,34.0,34.0,45.0,45.0,34.0,34.0,12.0,12.0,23.0,23.0,12.0,45.0,45.0,45.0,34.0,45.0,45.0,23.0,45.0,34.0,45.0,23.0,34.0,0
1716962,6,highlighted,45.0,45.0,45.0,45.0,45.0,45.0,45.0,34.0,45.0,45.0,34.0,23.0,45.0,45.0,45.0,45.0,45.0,23.0,12.0,34.0,23.0,23.0,45.0,45.0,45.0,34.0,45.0,45.0,34.0,34.0,45.0,34.0,34.0,45.0,1
1716963,6,average,45.0,45.0,45.0,45.0,34.0,45.0,45.0,34.0,45.0,45.0,45.0,34.0,45.0,45.0,45.0,45.0,45.0,23.0,12.0,34.0,34.0,23.0,45.0,45.0,45.0,45.0,45.0,45.0,34.0,45.0,34.0,45.0,34.0,45.0,0
1716964,9,highlighted,45.0,45.0,34.0,45.0,45.0,45.0,45.0,34.0,45.0,45.0,34.0,23.0,45.0,34.0,45.0,45.0,45.0,23.0,23.0,34.0,23.0,23.0,45.0,45.0,45.0,34.0,45.0,45.0,23.0,34.0,45.0,34.0,34.0,45.0,1
1716965,8,average,45.0,34.0,23.0,34.0,34.0,34.0,34.0,34.0,34.0,34.0,23.0,23.0,34.0,34.0,34.0,23.0,34.0,12.0,12.0,23.0,12.0,12.0,34.0,45.0,34.0,34.0,23.0,34.0,23.0,23.0,34.0,34.0,23.0,34.0,0
1716966,7,average,45.0,45.0,34.0,45.0,45.0,34.0,34.0,34.0,45.0,45.0,34.0,23.0,34.0,23.0,34.0,34.0,34.0,34.0,23.0,34.0,23.0,23.0,34.0,45.0,34.0,23.0,34.0,45.0,23.0,34.0,45.0,23.0,23.0,45.0,0
1716967,10,average,45.0,45.0,34.0,34.0,45.0,45.0,45.0,56.0,34.0,45.0,45.0,34.0,23.0,23.0,23.0,34.0,34.0,45.0,45.0,34.0,23.0,23.0,45.0,34.0,45.0,34.0,34.0,45.0,34.0,45.0,45.0,12.0,23.0,34.0,0
1717697,5,average,56.0,56.0,56.0,45.0,45.0,45.0,56.0,67.0,56.0,56.0,56.0,56.0,56.0,56.0,45.0,45.0,56.0,34.0,34.0,45.0,56.0,34.0,45.0,45.0,34.0,45.0,56.0,56.0,56.0,56.0,56.0,67.0,45.0,56.0,0
1717698,6,average,56.0,56.0,56.0,45.0,45.0,45.0,56.0,56.0,45.0,45.0,56.0,45.0,45.0,56.0,45.0,45.0,56.0,45.0,45.0,45.0,56.0,45.0,45.0,45.0,45.0,45.0,56.0,45.0,45.0,56.0,56.0,56.0,45.0,56.0,0
1717700,2,average,56.0,56.0,56.0,56.0,45.0,67.0,56.0,56.0,67.0,67.0,56.0,45.0,56.0,56.0,56.0,56.0,56.0,45.0,45.0,56.0,56.0,45.0,56.0,56.0,56.0,56.0,56.0,56.0,56.0,56.0,67.0,56.0,45.0,67.0,0
1717701,2,highlighted,56.0,67.0,67.0,67.0,56.0,56.0,56.0,67.0,56.0,56.0,67.0,67.0,56.0,67.0,45.0,45.0,67.0,45.0,45.0,56.0,67.0,45.0,56.0,56.0,67.0,67.0,67.0,56.0,67.0,67.0,67.0,67.0,45.0,56.0,1
1717702,4,average,45.0,56.0,56.0,67.0,45.0,56.0,56.0,67.0,67.0,56.0,56.0,45.0,56.0,45.0,56.0,56.0,56.0,67.0,67.0,67.0,56.0,56.0,56.0,56.0,56.0,56.0,56.0,56.0,56.0,56.0,56.0,67.0,45.0,67.0,0
1717705,3,average,56.0,56.0,56.0,67.0,56.0,56.0,56.0,45.0,67.0,67.0,56.0,56.0,67.0,45.0,67.0,67.0,56.0,56.0,56.0,67.0,45.0,56.0,56.0,56.0,56.0,56.0,56.0,56.0,56.0,56.0,67.0,67.0,56.0,67.0,0
1717706,9,highlighted,56.0,56.0,56.0,67.0,67.0,56.0,56.0,67.0,67.0,56.0,56.0,56.0,67.0,56.0,67.0,56.0,67.0,56.0,67.0,67.0,45.0,67.0,56.0,56.0,67.0,67.0,67.0,56.0,56.0,56.0,67.0,56.0,56.0,56.0,1
1717707,10,average,56.0,45.0,56.0,56.0,56.0,56.0,56.0,67.0,56.0,56.0,67.0,67.0,56.0,45.0,56.0,45.0,67.0,56.0,56.0,56.0,45.0,45.0,45.0,56.0,56.0,56.0,56.0,56.0,67.0,67.0,67.0,56.0,45.0,56.0,0
1717709,6,highlighted,45.0,45.0,56.0,67.0,56.0,56.0,56.0,45.0,67.0,56.0,45.0,45.0,56.0,45.0,56.0,56.0,67.0,56.0,56.0,67.0,56.0,67.0,56.0,45.0,56.0,56.0,56.0,56.0,56.0,45.0,67.0,56.0,67.0,67.0,1
1717976,2,average,67.0,67.0,67.0,67.0,67.0,78.0,78.0,78.0,67.0,67.0,78.0,67.0,67.0,67.0,67.0,67.0,67.0,56.0,56.0,67.0,67.0,56.0,67.0,67.0,67.0,67.0,78.0,67.0,67.0,67.0,67.0,78.0,67.0,78.0,0
1717977,7,average,78.0,78.0,67.0,67.0,67.0,78.0,78.0,78.0,67.0,67.0,78.0,67.0,78.0,67.0,67.0,67.0,67.0,67.0,56.0,67.0,67.0,67.0,67.0,67.0,67.0,67.0,78.0,78.0,67.0,67.0,78.0,78.0,67.0,78.0,0
1717978,2,average,78.0,78.0,67.0,67.0,67.0,78.0,78.0,78.0,67.0,67.0,78.0,67.0,67.0,78.0,67.0,67.0,67.0,56.0,56.0,67.0,78.0,56.0,67.0,67.0,67.0,78.0,78.0,78.0,67.0,67.0,67.0,78.0,67.0,78.0,0
1717979,3,average,67.0,67.0,67.0,67.0,67.0,67.0,67.0,78.0,67.0,67.0,78.0,67.0,67.0,67.0,67.0,67.0,67.0,56.0,56.0,67.0,67.0,56.0,67.0,67.0,67.0,67.0,67.0,67.0,67.0,67.0,67.0,78.0,67.0,78.0,0
1717980,5,average,78.0,78.0,67.0,67.0,67.0,78.0,78.0,78.0,67.0,67.0,78.0,67.0,67.0,67.0,67.0,67.0,67.0,56.0,56.0,67.0,67.0,56.0,67.0,67.0,67.0,67.0,67.0,67.0,67.0,67.0,78.0,78.0,67.0,78.0,0
1717981,10,average,67.0,67.0,67.0,67.0,67.0,67.0,67.0,78.0,67.0,67.0,67.0,67.0,67.0,67.0,67.0,67.0,67.0,67.0,56.0,67.0,67.0,56.0,67.0,67.0,67.0,67.0,78.0,67.0,67.0,67.0,67.0,67.0,67.0,78.0,0
1717982,8,average,67.0,67.0,67.0,67.0,67.0,67.0,67.0,78.0,67.0,67.0,78.0,67.0,67.0,67.0,78.0,67.0,67.0,67.0,56.0,67.0,67.0,56.0,67.0,67.0,67.0,67.0,78.0,67.0,67.0,67.0,78.0,67.0,67.0,78.0,0
1717983,4,average,67.0,67.0,67.0,67.0,67.0,67.0,67.0,78.0,67.0,67.0,78.0,67.0,67.0,67.0,67.0,67.0,67.0,56.0,56.0,67.0,67.0,56.0,67.0,67.0,67.0,67.0,78.0,67.0,67.0,67.0,67.0,67.0,67.0,78.0,0
1717984,9,average,78.0,78.0,67.0,67.0,67.0,67.0,67.0,78.0,67.0,67.0,78.0,56.0,67.0,67.0,67.0,67.0,67.0,67.0,56.0,67.0,67.0,56.0,67.0,67.0,67.0,67.0,78.0,78.0,67.0,67.0,78.0,67.0,67.0,78.0,0
1717985,6,average,67.0,67.0,67.0,67.0,67.0,67.0,67.0,78.0,67.0,67.0,78.0,67.0,67.0,67.0,67.0,67.0,67.0,56.0,56.0,67.0,67.0,56.0,67.0,67.0,67.0,67.0,78.0,78.0,67.0,67.0,67.0,67.0,67.0,78.0,0
1718222,2,average,67.0,67.0,56.0,56.0,56.0,67.0,67.0,78.0,56.0,56.0,78.0,78.0,56.0,56.0,34.0,45.0,67.0,34.0,34.0,56.0,67.0,45.0,67.0,56.0,67.0,56.0,56.0,67.0,78.0,78.0,45.0,78.0,45.0,56.0,0
1718641,4,average,67.0,78.0,78.0,67.0,67.0,67.0,67.0,67.0,78.0,78.0,78.0,56.0,78.0,67.0,67.0,67.0,78.0,56.0,67.0,78.0,56.0,67.0,67.0,56.0,67.0,56.0,56.0,67.0,56.0,67.0,78.0,67.0,56.0,67.0,0
1718690,3,average,67.0,67.0,56.0,67.0,67.0,78.0,67.0,78.0,56.0,67.0,67.0,67.0,67.0,78.0,45.0,45.0,67.0,45.0,45.0,56.0,78.0,67.0,67.0,56.0,67.0,67.0,56.0,67.0,67.0,78.0,56.0,78.0,45.0,56.0,0
1719053,2,average,67.0,67.0,56.0,67.0,67.0,78.0,78.0,78.0,56.0,56.0,78.0,78.0,67.0,67.0,34.0,34.0,67.0,45.0,45.0,56.0,78.0,56.0,67.0,67.0,78.0,67.0,67.0,67.0,78.0,78.0,45.0,78.0,45.0,45.0,0
1719627,10,average,78.0,89.0,78.0,67.0,67.0,78.0,78.0,78.0,78.0,67.0,78.0,45.0,78.0,56.0,67.0,67.0,78.0,67.0,67.0,78.0,34.0,67.0,67.0,67.0,67.0,67.0,78.0,78.0,56.0,78.0,89.0,34.0,56.0,78.0,0
1719653,6,average,67.0,78.0,78.0,56.0,67.0,56.0,78.0,67.0,56.0,67.0,56.0,56.0,78.0,67.0,67.0,67.0,78.0,45.0,45.0,67.0,56.0,56.0,67.0,56.0,67.0,67.0,78.0,78.0,56.0,67.0,78.0,56.0,67.0,67.0,0
1719681,7,average,78.0,67.0,67.0,56.0,56.0,67.0,67.0,78.0,67.0,67.0,45.0,56.0,67.0,45.0,56.0,56.0,67.0,56.0,56.0,67.0,56.0,67.0,67.0,56.0,67.0,56.0,67.0,67.0,45.0,67.0,78.0,56.0,56.0,67.0,0
1720051,8,average,67.0,67.0,78.0,67.0,67.0,67.0,67.0,67.0,78.0,78.0,56.0,56.0,67.0,56.0,67.0,67.0,67.0,56.0,56.0,78.0,56.0,67.0,78.0,67.0,67.0,67.0,78.0,78.0,56.0,67.0,89.0,56.0,56.0,67.0,0
1720473,6,average,67.0,56.0,56.0,67.0,56.0,67.0,67.0,67.0,56.0,67.0,56.0,56.0,67.0,56.0,67.0,67.0,56.0,45.0,45.0,67.0,34.0,67.0,78.0,67.0,56.0,67.0,56.0,67.0,56.0,67.0,67.0,56.0,56.0,67.0,0
1720543,5,average,67.0,67.0,56.0,67.0,67.0,78.0,67.0,78.0,67.0,67.0,78.0,67.0,67.0,45.0,45.0,56.0,67.0,45.0,45.0,67.0,56.0,56.0,67.0,67.0,56.0,56.0,56.0,56.0,56.0,67.0,67.0,67.0,56.0,67.0,0
1720834,7,average,67.0,67.0,56.0,56.0,67.0,67.0,78.0,67.0,67.0,67.0,56.0,56.0,67.0,56.0,67.0,67.0,78.0,45.0,45.0,67.0,45.0,67.0,67.0,67.0,67.0,56.0,67.0,56.0,56.0,67.0,78.0,45.0,56.0,67.0,0
1720857,6,average,67.0,67.0,78.0,67.0,56.0,67.0,56.0,67.0,78.0,67.0,78.0,56.0,78.0,56.0,67.0,67.0,67.0,45.0,45.0,78.0,56.0,67.0,67.0,56.0,67.0,56.0,67.0,67.0,67.0,67.0,78.0,56.0,45.0,67.0,0
1721878,2,highlighted,67.0,67.0,67.0,56.0,56.0,56.0,56.0,78.0,56.0,56.0,67.0,89.0,56.0,89.0,45.0,45.0,56.0,45.0,45.0,56.0,78.0,56.0,56.0,56.0,45.0,67.0,67.0,56.0,78.0,67.0,67.0,67.0,34.0,56.0,1
1776191,8,average,45.0,45.0,34.0,45.0,45.0,34.0,34.0,34.0,45.0,45.0,45.0,34.0,34.0,34.0,45.0,34.0,45.0,34.0,34.0,34.0,23.0,34.0,34.0,34.0,34.0,34.0,34.0,34.0,34.0,34.0,45.0,34.0,23.0,45.0,0
1779536,10,average,56.0,56.0,45.0,45.0,45.0,56.0,56.0,34.0,56.0,56.0,45.0,34.0,45.0,23.0,45.0,45.0,45.0,23.0,23.0,45.0,23.0,23.0,34.0,45.0,45.0,34.0,56.0,45.0,45.0,34.0,45.0,34.0,34.0,56.0,0
1780526,2,average,23.0,34.0,34.0,34.0,34.0,34.0,45.0,45.0,23.0,34.0,45.0,56.0,34.0,45.0,34.0,34.0,34.0,34.0,34.0,45.0,45.0,23.0,34.0,34.0,34.0,34.0,34.0,34.0,45.0,45.0,34.0,45.0,34.0,23.0,0
1782377,2,average,45.0,45.0,34.0,34.0,34.0,45.0,56.0,67.0,34.0,34.0,45.0,56.0,45.0,45.0,23.0,34.0,34.0,23.0,23.0,23.0,56.0,23.0,23.0,45.0,34.0,34.0,56.0,34.0,45.0,56.0,23.0,45.0,34.0,34.0,0
1783053,5,average,56.0,56.0,56.0,56.0,45.0,45.0,56.0,23.0,56.0,56.0,34.0,23.0,56.0,45.0,34.0,45.0,45.0,23.0,23.0,45.0,34.0,23.0,45.0,67.0,45.0,67.0,67.0,45.0,34.0,34.0,34.0,56.0,45.0,56.0,0
1783081,3,average,56.0,56.0,56.0,45.0,45.0,56.0,56.0,56.0,45.0,45.0,56.0,34.0,45.0,45.0,34.0,45.0,45.0,23.0,23.0,56.0,56.0,34.0,45.0,56.0,34.0,45.0,56.0,45.0,56.0,45.0,56.0,45.0,23.0,56.0,0
1785482,6,highlighted,56.0,56.0,56.0,45.0,56.0,56.0,67.0,67.0,45.0,56.0,67.0,45.0,56.0,56.0,34.0,56.0,56.0,23.0,23.0,45.0,56.0,23.0,45.0,56.0,56.0,67.0,67.0,45.0,56.0,56.0,56.0,56.0,34.0,45.0,1
1785487,7,average,34.0,45.0,56.0,34.0,34.0,45.0,56.0,34.0,56.0,56.0,45.0,34.0,34.0,45.0,45.0,45.0,34.0,23.0,23.0,34.0,34.0,23.0,34.0,45.0,34.0,34.0,56.0,34.0,34.0,34.0,34.0,34.0,23.0,56.0,0
1785506,4,average,34.0,34.0,34.0,34.0,34.0,34.0,45.0,45.0,45.0,45.0,45.0,34.0,34.0,34.0,45.0,34.0,34.0,34.0,34.0,45.0,34.0,34.0,34.0,34.0,34.0,34.0,45.0,34.0,34.0,45.0,45.0,45.0,23.0,34.0,0
1785962,10,average,45.0,45.0,45.0,45.0,34.0,34.0,34.0,45.0,45.0,34.0,45.0,34.0,34.0,34.0,34.0,34.0,34.0,45.0,34.0,45.0,34.0,34.0,34.0,34.0,34.0,34.0,45.0,34.0,34.0,45.0,45.0,45.0,23.0,45.0,0
1785963,3,average,34.0,45.0,45.0,45.0,34.0,34.0,45.0,56.0,45.0,45.0,45.0,45.0,45.0,45.0,56.0,45.0,45.0,34.0,34.0,45.0,34.0,56.0,34.0,34.0,34.0,34.0,45.0,45.0,45.0,45.0,56.0,45.0,34.0,45.0,0
1786320,2,average,45.0,56.0,34.0,34.0,34.0,56.0,56.0,56.0,34.0,34.0,56.0,56.0,45.0,56.0,23.0,23.0,34.0,23.0,23.0,34.0,56.0,34.0,34.0,45.0,34.0,45.0,56.0,45.0,56.0,56.0,23.0,45.0,23.0,34.0,0
1786330,6,average,34.0,45.0,45.0,56.0,56.0,45.0,45.0,34.0,45.0,45.0,34.0,23.0,56.0,34.0,45.0,56.0,56.0,34.0,23.0,56.0,34.0,34.0,67.0,34.0,56.0,45.0,45.0,45.0,34.0,34.0,45.0,23.0,45.0,45.0,0
1786902,5,average,34.0,45.0,45.0,34.0,34.0,34.0,34.0,45.0,34.0,34.0,45.0,45.0,34.0,45.0,34.0,23.0,45.0,34.0,23.0,45.0,34.0,23.0,34.0,34.0,34.0,34.0,34.0,34.0,45.0,45.0,56.0,56.0,34.0,34.0,0
1793611,7,average,67.0,67.0,67.0,67.0,67.0,67.0,67.0,78.0,67.0,67.0,67.0,67.0,78.0,67.0,67.0,67.0,67.0,67.0,67.0,67.0,67.0,56.0,67.0,67.0,67.0,67.0,78.0,67.0,67.0,67.0,78.0,67.0,67.0,78.0,0
1796907,2,average,67.0,78.0,67.0,67.0,67.0,78.0,78.0,78.0,67.0,67.0,78.0,67.0,78.0,67.0,67.0,67.0,78.0,56.0,56.0,67.0,67.0,67.0,67.0,67.0,67.0,67.0,78.0,78.0,67.0,67.0,67.0,67.0,67.0,78.0,0
1797237,5,average,67.0,67.0,67.0,67.0,67.0,67.0,67.0,78.0,67.0,67.0,78.0,67.0,67.0,67.0,67.0,67.0,67.0,56.0,56.0,67.0,67.0,56.0,67.0,67.0,67.0,67.0,78.0,67.0,67.0,67.0,67.0,67.0,67.0,78.0,0
1798357,8,highlighted,78.0,78.0,78.0,78.0,67.0,67.0,67.0,78.0,67.0,67.0,78.0,56.0,78.0,67.0,67.0,78.0,78.0,67.0,56.0,78.0,67.0,56.0,67.0,67.0,67.0,67.0,78.0,78.0,67.0,67.0,78.0,67.0,67.0,78.0,1
1799003,2,average,34.0,34.0,34.0,34.0,34.0,34.0,34.0,45.0,23.0,23.0,45.0,45.0,34.0,45.0,34.0,34.0,34.0,34.0,34.0,34.0,45.0,34.0,34.0,34.0,45.0,34.0,45.0,34.0,34.0,45.0,45.0,45.0,34.0,23.0,0
1799631,9,highlighted,78.0,78.0,78.0,78.0,78.0,67.0,67.0,78.0,67.0,67.0,78.0,67.0,78.0,67.0,67.0,67.0,78.0,67.0,67.0,67.0,67.0,56.0,78.0,67.0,67.0,67.0,78.0,67.0,67.0,67.0,78.0,67.0,67.0,78.0,1
1799632,8,average,67.0,67.0,67.0,67.0,67.0,67.0,67.0,78.0,67.0,67.0,67.0,67.0,67.0,67.0,67.0,67.0,67.0,67.0,67.0,67.0,67.0,67.0,67.0,67.0,67.0,67.0,78.0,67.0,67.0,67.0,67.0,67.0,67.0,78.0,0
1800816,7,average,67.0,67.0,67.0,67.0,67.0,67.0,67.0,78.0,67.0,67.0,78.0,56.0,67.0,67.0,67.0,67.0,67.0,56.0,56.0,67.0,67.0,56.0,67.0,67.0,67.0,67.0,78.0,67.0,67.0,67.0,67.0,67.0,67.0,78.0,0
1800932,6,average,34.0,45.0,45.0,34.0,34.0,34.0,34.0,45.0,34.0,34.0,34.0,56.0,34.0,34.0,34.0,34.0,45.0,34.0,34.0,34.0,34.0,34.0,34.0,34.0,34.0,34.0,45.0,34.0,34.0,45.0,56.0,56.0,23.0,34.0,0
1802610,2,average,78.0,67.0,67.0,67.0,67.0,67.0,67.0,78.0,67.0,67.0,78.0,67.0,67.0,67.0,67.0,67.0,78.0,56.0,56.0,67.0,67.0,56.0,67.0,67.0,67.0,67.0,78.0,67.0,67.0,67.0,67.0,67.0,67.0,78.0,0
1802715,10,average,67.0,78.0,67.0,67.0,67.0,67.0,67.0,78.0,67.0,67.0,67.0,67.0,67.0,67.0,67.0,67.0,67.0,67.0,67.0,67.0,67.0,56.0,67.0,67.0,67.0,67.0,78.0,67.0,67.0,67.0,67.0,67.0,67.0,78.0,0
1803187,7,average,34.0,34.0,34.0,45.0,34.0,34.0,34.0,12.0,45.0,45.0,23.0,12.0,34.0,23.0,45.0,45.0,34.0,34.0,23.0,45.0,34.0,34.0,34.0,34.0,34.0,34.0,34.0,34.0,23.0,23.0,45.0,45.0,23.0,45.0,0
1803337,3,average,78.0,78.0,67.0,67.0,67.0,78.0,78.0,78.0,67.0,67.0,67.0,67.0,78.0,67.0,67.0,67.0,78.0,56.0,56.0,67.0,67.0,67.0,67.0,67.0,67.0,67.0,78.0,67.0,67.0,67.0,67.0,67.0,67.0,78.0,0
1804579,2,average,67.0,78.0,67.0,67.0,67.0,67.0,67.0,78.0,67.0,67.0,78.0,56.0,67.0,67.0,67.0,67.0,67.0,56.0,56.0,67.0,67.0,56.0,67.0,67.0,67.0,67.0,78.0,78.0,67.0,67.0,67.0,78.0,67.0,78.0,0
1804937,5,highlighted,78.0,78.0,67.0,78.0,78.0,78.0,78.0,78.0,67.0,67.0,78.0,67.0,78.0,67.0,67.0,67.0,78.0,67.0,67.0,67.0,67.0,56.0,67.0,78.0,67.0,67.0,78.0,78.0,67.0,67.0,78.0,67.0,67.0,78.0,1
1804938,4,average,67.0,78.0,67.0,67.0,67.0,78.0,78.0,78.0,67.0,67.0,78.0,67.0,67.0,67.0,67.0,67.0,67.0,56.0,56.0,67.0,67.0,56.0,67.0,67.0,67.0,67.0,78.0,78.0,67.0,67.0,67.0,67.0,67.0,78.0,0
1804942,2,average,67.0,78.0,67.0,67.0,67.0,67.0,78.0,78.0,67.0,67.0,78.0,67.0,67.0,67.0,67.0,67.0,67.0,56.0,56.0,67.0,67.0,56.0,67.0,67.0,67.0,67.0,78.0,67.0,67.0,67.0,67.0,78.0,67.0,78.0,0
1805001,9,highlighted,45.0,45.0,45.0,56.0,56.0,45.0,45.0,23.0,45.0,45.0,23.0,23.0,45.0,34.0,45.0,45.0,45.0,34.0,34.0,45.0,34.0,45.0,45.0,34.0,45.0,45.0,45.0,45.0,34.0,34.0,56.0,45.0,34.0,45.0,1
1805608,3,average,67.0,78.0,67.0,67.0,67.0,67.0,78.0,78.0,67.0,67.0,78.0,67.0,67.0,67.0,67.0,67.0,67.0,56.0,56.0,67.0,67.0,56.0,67.0,67.0,67.0,67.0,78.0,78.0,67.0,67.0,67.0,78.0,67.0,78.0,0
1805824,9,average,67.0,67.0,67.0,67.0,67.0,67.0,67.0,78.0,67.0,67.0,67.0,56.0,67.0,67.0,67.0,67.0,67.0,56.0,56.0,67.0,67.0,56.0,67.0,67.0,67.0,67.0,78.0,67.0,67.0,67.0,67.0,67.0,67.0,78.0,0
1805970,6,average,67.0,67.0,67.0,67.0,67.0,67.0,67.0,78.0,67.0,67.0,78.0,67.0,78.0,67.0,67.0,67.0,67.0,67.0,56.0,67.0,67.0,56.0,67.0,67.0,67.0,67.0,78.0,67.0,67.0,67.0,78.0,67.0,67.0,78.0,0
1818252,2,average,45.0,45.0,34.0,34.0,34.0,45.0,45.0,34.0,34.0,45.0,45.0,23.0,34.0,45.0,34.0,23.0,34.0,23.0,23.0,23.0,34.0,23.0,45.0,34.0,34.0,45.0,34.0,34.0,34.0,34.0,23.0,45.0,34.0,45.0,0
1818318,2,average,45.0,56.0,34.0,45.0,45.0,56.0,45.0,34.0,45.0,56.0,34.0,23.0,45.0,45.0,34.0,34.0,34.0,23.0,23.0,34.0,45.0,23.0,45.0,45.0,34.0,34.0,45.0,56.0,23.0,34.0,23.0,56.0,34.0,56.0,0
1823113,8,average,45.0,45.0,56.0,34.0,34.0,45.0,56.0,34.0,56.0,56.0,34.0,34.0,34.0,34.0,34.0,34.0,34.0,23.0,23.0,45.0,34.0,23.0,34.0,34.0,34.0,34.0,56.0,34.0,34.0,45.0,45.0,34.0,23.0,56.0,0
1825608,2,highlighted,56.0,45.0,45.0,45.0,56.0,23.0,45.0,56.0,56.0,45.0,45.0,34.0,56.0,45.0,23.0,45.0,45.0,45.0,23.0,45.0,45.0,23.0,45.0,45.0,45.0,56.0,56.0,34.0,34.0,56.0,34.0,45.0,34.0,56.0,1
1829963,6,highlighted,45.0,56.0,56.0,56.0,56.0,56.0,56.0,34.0,56.0,56.0,34.0,23.0,67.0,45.0,45.0,67.0,56.0,34.0,23.0,45.0,34.0,23.0,45.0,45.0,56.0,56.0,56.0,45.0,34.0,45.0,56.0,34.0,45.0,56.0,1
1833737,9,average,34.0,45.0,34.0,45.0,45.0,45.0,34.0,45.0,45.0,45.0,45.0,34.0,34.0,45.0,45.0,45.0,34.0,56.0,34.0,45.0,34.0,56.0,45.0,45.0,34.0,34.0,34.0,45.0,34.0,34.0,56.0,45.0,34.0,56.0,0
1834844,10,highlighted,34.0,45.0,34.0,45.0,34.0,45.0,34.0,45.0,45.0,45.0,45.0,34.0,34.0,34.0,34.0,34.0,34.0,45.0,67.0,45.0,34.0,34.0,56.0,34.0,34.0,34.0,34.0,56.0,34.0,34.0,56.0,23.0,34.0,45.0,1
1835286,8,average,67.0,67.0,67.0,67.0,67.0,67.0,67.0,78.0,67.0,67.0,67.0,56.0,67.0,67.0,67.0,67.0,67.0,67.0,56.0,67.0,67.0,56.0,67.0,67.0,67.0,67.0,78.0,67.0,67.0,67.0,67.0,67.0,67.0,78.0,0
1835391,3,average,34.0,34.0,34.0,34.0,34.0,34.0,23.0,34.0,23.0,34.0,23.0,34.0,23.0,34.0,34.0,23.0,34.0,23.0,23.0,34.0,23.0,23.0,23.0,34.0,23.0,23.0,45.0,45.0,23.0,23.0,45.0,23.0,23.0,23.0,0
1836231,8,average,34.0,23.0,23.0,23.0,34.0,34.0,34.0,34.0,23.0,34.0,23.0,23.0,34.0,34.0,34.0,23.0,34.0,23.0,12.0,34.0,23.0,23.0,23.0,34.0,23.0,34.0,45.0,45.0,23.0,23.0,45.0,45.0,34.0,34.0,0
1840906,4,average,78.0,78.0,67.0,67.0,67.0,67.0,78.0,78.0,67.0,67.0,67.0,67.0,78.0,67.0,67.0,67.0,67.0,56.0,56.0,67.0,67.0,56.0,67.0,67.0,67.0,67.0,78.0,67.0,67.0,67.0,67.0,67.0,67.0,78.0,0
1841069,6,highlighted,45.0,45.0,34.0,56.0,67.0,45.0,45.0,34.0,45.0,56.0,34.0,23.0,45.0,45.0,45.0,56.0,56.0,23.0,23.0,45.0,34.0,34.0,56.0,56.0,34.0,34.0,34.0,45.0,23.0,34.0,45.0,56.0,23.0,56.0,1
1841791,9,highlighted,78.0,78.0,78.0,78.0,78.0,78.0,78.0,78.0,67.0,67.0,78.0,67.0,78.0,67.0,67.0,78.0,89.0,67.0,56.0,78.0,67.0,56.0,67.0,67.0,78.0,67.0,78.0,78.0,67.0,67.0,78.0,67.0,67.0,78.0,1
1842322,5,average,45.0,34.0,34.0,34.0,23.0,34.0,45.0,56.0,34.0,34.0,56.0,56.0,34.0,45.0,45.0,34.0,34.0,34.0,23.0,34.0,45.0,45.0,34.0,45.0,34.0,34.0,34.0,34.0,56.0,56.0,45.0,45.0,34.0,34.0,0
1844969,6,average,45.0,45.0,45.0,45.0,45.0,56.0,56.0,67.0,34.0,34.0,56.0,56.0,45.0,34.0,23.0,45.0,45.0,34.0,23.0,45.0,56.0,23.0,34.0,34.0,45.0,34.0,56.0,45.0,56.0,56.0,34.0,56.0,34.0,34.0,0
1863235,6,average,67.0,67.0,67.0,67.0,67.0,67.0,67.0,78.0,67.0,67.0,78.0,56.0,67.0,67.0,67.0,67.0,67.0,56.0,56.0,67.0,67.0,56.0,67.0,67.0,67.0,67.0,78.0,78.0,67.0,67.0,67.0,67.0,67.0,78.0,0
1906234,5,highlighted,78.0,78.0,78.0,78.0,78.0,78.0,78.0,78.0,67.0,78.0,78.0,67.0,78.0,78.0,78.0,78.0,78.0,67.0,56.0,78.0,78.0,67.0,78.0,78.0,78.0,78.0,78.0,89.0,78.0,78.0,78.0,78.0,78.0,78.0,1
1906234,6,average,67.0,78.0,67.0,56.0,67.0,56.0,78.0,67.0,67.0,67.0,78.0,67.0,78.0,78.0,56.0,56.0,67.0,45.0,45.0,56.0,78.0,45.0,67.0,67.0,67.0,67.0,67.0,56.0,67.0,67.0,56.0,78.0,56.0,67.0,0
1906235,5,average,67.0,67.0,67.0,67.0,67.0,67.0,67.0,78.0,67.0,67.0,78.0,67.0,67.0,67.0,67.0,67.0,67.0,56.0,56.0,67.0,67.0,56.0,67.0,67.0,67.0,67.0,78.0,67.0,67.0,67.0,67.0,67.0,67.0,78.0,0
1906235,6,average,67.0,67.0,78.0,67.0,67.0,78.0,78.0,67.0,56.0,67.0,78.0,67.0,67.0,56.0,56.0,67.0,78.0,89.0,67.0,56.0,67.0,67.0,67.0,67.0,67.0,56.0,67.0,67.0,67.0,78.0,78.0,67.0,56.0,56.0,0
1906237,8,highlighted,72.5,78.0,78.0,78.0,67.0,67.0,72.5,72.5,83.5,72.5,72.5,61.5,78.0,61.5,72.5,78.0,72.5,61.5,61.5,83.5,61.5,67.0,67.0,72.5,67.0,67.0,72.5,72.5,61.5,67.0,83.5,61.5,61.5,89.0,1
1906240,2,average,34.0,34.0,34.0,12.0,23.0,34.0,34.0,45.0,23.0,23.0,23.0,45.0,23.0,34.0,12.0,23.0,23.0,12.0,12.0,23.0,45.0,12.0,23.0,23.0,23.0,23.0,34.0,34.0,34.0,23.0,12.0,45.0,23.0,23.0,0
1907330,10,average,67.0,67.0,67.0,67.0,67.0,67.0,67.0,67.0,67.0,67.0,67.0,78.0,67.0,67.0,67.0,67.0,67.0,67.0,67.0,67.0,67.0,56.0,67.0,78.0,67.0,67.0,67.0,67.0,78.0,67.0,78.0,67.0,67.0,78.0,0
1907330,10,highlighted,78.0,67.0,78.0,67.0,67.0,67.0,78.0,89.0,67.0,67.0,78.0,56.0,56.0,45.0,56.0,67.0,56.0,67.0,78.0,67.0,56.0,45.0,56.0,78.0,67.0,67.0,78.0,67.0,67.0,78.0,78.0,56.0,56.0,67.0,1
1907347,5,average,67.0,78.0,78.0,56.0,78.0,67.0,78.0,67.0,56.0,78.0,78.0,56.0,67.0,67.0,78.0,56.0,67.0,56.0,56.0,67.0,78.0,89.0,67.0,78.0,67.0,67.0,67.0,67.0,56.0,67.0,78.0,78.0,78.0,56.0,0
1907347,6,average,67.0,67.0,67.0,67.0,67.0,67.0,67.0,78.0,67.0,67.0,78.0,56.0,67.0,67.0,67.0,67.0,78.0,67.0,56.0,67.0,67.0,67.0,67.0,67.0,67.0,67.0,78.0,67.0,67.0,67.0,67.0,67.0,67.0,78.0,0
1909532,10,average,56.0,45.0,45.0,45.0,56.0,56.0,56.0,56.0,23.0,23.0,34.0,45.0,56.0,34.0,23.0,45.0,45.0,23.0,23.0,34.0,23.0,23.0,34.0,23.0,45.0,45.0,56.0,34.0,34.0,56.0,34.0,34.0,34.0,23.0,0
1909724,2,highlighted,78.0,78.0,78.0,78.0,78.0,78.0,78.0,78.0,67.0,67.0,78.0,78.0,78.0,67.0,78.0,67.0,78.0,56.0,56.0,78.0,78.0,67.0,78.0,78.0,78.0,78.0,78.0,67.0,67.0,67.0,78.0,78.0,67.0,78.0,1
1909728,7,highlighted,78.0,67.0,67.0,78.0,67.0,67.0,67.0,78.0,67.0,67.0,78.0,67.0,78.0,67.0,67.0,78.0,78.0,67.0,56.0,78.0,67.0,56.0,67.0,67.0,67.0,67.0,78.0,67.0,67.0,67.0,78.0,67.0,67.0,78.0,1
